file,unsplash_id,photographer,photographer_url,source_url,license
excavator-old-industrial-building,CeGP3MkcnxA,"Oleg Solodkov",https://unsplash.com/@nightseller,https://unsplash.com/photos/CeGP3MkcnxA,Unsplash License
excavator-commercial-teardown,00uxAyh6T5Q,"Markus Spiske",https://unsplash.com/@markusspiske,https://unsplash.com/photos/00uxAyh6T5Q,Unsplash License
house-demolition-excavator,ivHVZCmm5wY,"Haley Hamilton",https://unsplash.com/@haleywayphotography,https://unsplash.com/photos/ivHVZCmm5wY,Unsplash License
gutted-interior-room,m-YwSlrzi-M,"Erik Mclean",https://unsplash.com/@introspectivedsgn,https://unsplash.com/photos/m-YwSlrzi-M,Unsplash License
excavator-crushing-concrete,V72VFoZ4LIk,"Marek Studzinski",https://unsplash.com/@jccards,https://unsplash.com/photos/V72VFoZ4LIk,Unsplash License
loader-filling-dump-truck,-L579XCtBiU,"shraga kopstein",https://unsplash.com/@sfkopstein,https://unsplash.com/photos/-L579XCtBiU,Unsplash License
skid-steer-site-clearing,8wlxGDOAXSM,"Samuel Cruz",https://unsplash.com/@samuelcruz,https://unsplash.com/photos/8wlxGDOAXSM,Unsplash License
crushed-stone-closeup,4bkuYkvcqkk,"Andrey Matveev",https://unsplash.com/@zelebb,https://unsplash.com/photos/4bkuYkvcqkk,Unsplash License
concrete-rubble-stockpile,B6OIfOM1G2g,"Sergej *****",https://unsplash.com/@skstrannik,https://unsplash.com/photos/B6OIfOM1G2g,Unsplash License
yellow-hard-hat,cigfVTfU39I,"Richard Heinen",https://unsplash.com/@richard_he,https://unsplash.com/photos/cigfVTfU39I,Unsplash License
excavator-brick-rubble,E6KM98Q_d4o,"Gene Gallin",https://unsplash.com/@genefoto,https://unsplash.com/photos/E6KM98Q_d4o,Unsplash License
rubble-street-demolition,KW2ws70EPDQ,"Tamás Szabó",https://unsplash.com/@tomi_,https://unsplash.com/photos/KW2ws70EPDQ,Unsplash License
excavator-dismantling-industrial-building,zQBjgS4PGpg,"Marek Studzinski",https://unsplash.com/@jccards,https://unsplash.com/photos/zQBjgS4PGpg,Unsplash License
excavator-bucket-on-rubble,WoZs8gGyQBY,"Gerold Hinzen",https://unsplash.com/@geroldhinzen,https://unsplash.com/photos/WoZs8gGyQBY,Unsplash License
broken-rock-pile,DEdnviFTeZE,"Pavlo Osipov",https://unsplash.com/@videosipov,https://unsplash.com/photos/DEdnviFTeZE,Unsplash License
broken-concrete-rubble,gR4ebUV9be8,"Alberto Lung",https://unsplash.com/@albertolung,https://unsplash.com/photos/gR4ebUV9be8,Unsplash License
aerial-dump-trucks,EN1tF2EG-50,"Shane McLendon",https://unsplash.com/@kctinman,https://unsplash.com/photos/EN1tF2EG-50,Unsplash License
aerial-heavy-equipment,9jPJrfLTBi0,"Shane McLendon",https://unsplash.com/@kctinman,https://unsplash.com/photos/9jPJrfLTBi0,Unsplash License
excavator-loading-dump-truck,eKY6_9W_iqY,"Troy Mortier",https://unsplash.com/@troyscanon,https://unsplash.com/photos/eKY6_9W_iqY,Unsplash License
loader-at-night,70YtS5xU1Ro,"Yuriy Vertikov",https://unsplash.com/@noa69,https://unsplash.com/photos/70YtS5xU1Ro,Unsplash License
